Model,Kappa
PLS,0.5309858751618463
LDA,0.5344823104317764
GLM,0.5372422794609103
PLS-Calibrated,0.5472139462733606
FDA,0.5488965252765268
XGBoost,0.5658689083763146
