what,DefaultKappa,BestCutoff,BestKappa
XGBoost,0.5630756505327298,0.614675515971297,0.5946792640477375
FDA,0.5488965252765268,0.6743684090559029,0.5818071589158057
PLS,0.5309858751618463,0.5749232261198791,0.5732820873125108
GLM,0.5372422794609103,0.665661536336934,0.5669398421973991
LDA,0.5344823104317764,0.7325690962504774,0.5660097753230064
