what,DefaultKappa,BestCutoff,BestKappa
XGBoost,0.5544337091531804,0.34684011747104554,0.59329380691939
PLS,0.5448711968917477,0.44501444746749064,0.5778164405276747
GLM,0.5539477920012119,0.36504928758112004,0.5704134431048367
LDA,0.5368148670900964,0.3998095187465716,0.5661040253369185
FDA,0.4097107741286953,0.382011850588768,0.4097107741286953
