what,DefaultKappa,BestCutoff,BestKappa
XGBoost,0.5658689083763146,0.603534018942177,0.5902982877655484
PLS,0.5466448521650853,0.46059793917452246,0.5843184672998133
FDA,0.5449138257029503,0.2816574351387202,0.5839428852741426
GLM,0.5581132070984245,0.3783177413229559,0.5722412797834294
LDA,0.5347544568554202,0.3394593412793284,0.5624106943978083
